Workbook

Sheet Content
B1: Electricity & Hydrogen Reference Grid and Investment Candidates
A5: _ | B5: Methodology
A6: 1 | B6: Electricity Reference Grid
A7: 2 | B7: Hydrogen Reference Grid
A8: 3 | B8: Electricity Investment Candidates
A9: 4 | B9: Hydrogen Investment Candidates

Sheet _Methodology

Sheet 1. Elec Ref Grid
A1: Border | B1: Summary Direction 1 (MW) | C1: Summary Direction 2 (MW)
A2: AL00-GR00 | B2: 600 | C2: 600
A3: AL00-ME00 | B3: 400 | C3: 400
A4: AL00-MK00 | B4: 500 | C4: 500
A5: AL00-RS00 | B5: 250 | C5: 250
A6: AT00-CH00 | B6: 1200 | C6: 1200
A7: AT00-CZ00 | B7: 900 | C7: 900
A8: AT00-DE00 | B8: 7500 | C8: 7500
A9: AT00-HU00 | B9: 800 | C9: 800
A10: AT00-ITN1 | B10: 875 | C10: 695
A11: AT00-SI00 | B11: 950 | C11: 950
A12: AT00-SK00 | B12: 0 | C12: 0
A13: BA00-HR00 | B13: 900 | C13: 800
... A143: MD00-UA00 | B143: 600 | C143: 600

Sheet 2. H2 Ref Grid
A1: Border | B1: Summary Direction 1 (GW) | C1: Summary Direction 2 (GW)
A2: AT-DE | B2: 6.25 | C2: 6.25
A3: AT-IBIT | B3: 5.25 | C3: 7
A4: AT-SI | B4: 0 | C4: 0
A5: AT-SK | B5: 6 | C5: 6
A6: BE-DE | B6: 3.79 | C6: 3.79
A7: BE-FR | B7: 4.5 | C7: 4.5
A8: BE-LU | B8: 0.58 | C8: 0.58
A9: BE-NL | B9: 2 | C9: 2
A10: BG-GR | B10: 3.33 | C10: 3.15
A11: BG-RO | B11: 0.74 | C11: 0.74
A12: CH-IBIT | B12: 5.63 | C12: 3.67
A13: CZ-DE | B13: 6 | C13: 6
... A36: DE-IBFI | B36: 21 | C36: 21

Sheet 3. Elec Invest Candidates
A1: BORDER | B1: FROM NODE | C1: TO NODE | D1: YEAR | E1: SCENARIO | F1: DIRECT CAPACITY INCREASE (MW) | G1: INDIRECT CAPACITY INCREASE (MW) | H1: CAPEX (M€)
A2: AT00-ITN1 Real 1 | B2: AT00 | C2: ITN1 | D2: 2035 | E2: All | F2: 500 | G2: 500 | H2: 175
A3: AT00-ITN1 Real 2 | B3: AT00 | C3: ITN1 | D3: 2040 | E3: All | F3: 150 | G3: 150 | H3: 148.18
A4: AT00-SI00 Real 1 | B4: AT00 | C4: SI00 | D4: 2035 | E4: All | F4: 500 | G4: 500 | H4: 316.7
A5: BE00-DE00 Real 1 | B5: BE00 | C5: DE00 | D5: 2040 | E5: All | F5: 1000 | G5: 1000 | H5: 964
A6: BE00-FR00 Real 1 | B6: BE00 | C6: FR00 | D6: 2030 | E6: All | F6: 1000 | G6: 1000 | H6: 150
A7: BE00-LUG1 Real 1 | B7: BE00 | C7: LUG1 | D7: 2040 | E7: All | F7: 500 | G7: 500 | H7: 210
A8: BE00-NL00 Real 1 | B8: BE00 | C8: NL00 | D8: 2035 | E8: All | F8: 1000 | G8: 1000 | H8: 1090
A9: BE00-NL00 Real 2 | B9: BE00 | C9: NL00 | D9: 2035 | E9: All | F9: 1000 | G9: 1000 | H9: 94
A10: BE00-UK00 Real 1 | B10: BE00 | C10: UK00 | D10: 2035 | E10: All | F10: 1400 | G10: 1400 | H10: 1649
A11: BG00-TR00 Real 1 | B11: BG00 | C11: TR00 | D11: 2040 | E11: All | F11: 1100 | G11: 700 | H11: 60
A12: CH00-DE00 Real 1 | B12: CH00 | C12: DE00 | D12: 2035 | E12: All | F12: 200 | G12: 0 | H12: 290.22
A13: CH00-DE00 Real 2 | B13: CH00 | C13: DE00 | D13: 2035 | E13: All | F13: 100 | G13: 600 | H13: 86
... A258: ITSA-ITCS Concept 1 | B258: ITSA | C258: ITCS | D258: 2030 | E258: All | F258: 1000 | G258: 1000 | H258: 1422

Sheet 4. H2 Invest Candidates
A1: BORDER | B1: FROM NODE | C1: TO NODE | D1: YEAR | E1: SCENARIO | F1: DIRECT CAPACITY INCREASE (MW) | G1: INDIRECT CAPACITY INCREASE (MW) | H1: CAPEX (M€)
A2: AT-IT | B2: AT | C2: IT | D2: 2030 | E2: All | F2: 3875 | G2: 0 | H2: 215288209
A3: AT-SI | B3: AT | C3: SI | D3: 2030 | E3: All | F3: 1375 | G3: 667 | H3: 92935025
A4: AT-SK | B4: AT | C4: SK | D4: 2030 | E4: All | F4: 500 | G4: 500 | H4: 21589167
A5: BE-DE | B5: BE | C5: FR | D5: 2030 | E5: All | F5: 3833 | G5: 3833 | H5: 170985576
A6: BE-FR | B6: BE | C6: LU | D6: 2030 | E6: All | F6: 583 | G6: 583 | H6: 50345937
A7: BE-NL | B7: BE | C7: NL | D7: 2030 | F7: 6000 | G7: 6000 | H7: 50791735
A8: BE-NL | B8: BE | C8: UK | D8: 2030 | E8: All | F8: 8333 | G8: 8333 | H8: 130480934
A9: BE-UK | B9: BG | C9: RO | D9: 2030 | E9: All | F9: 3875 | G9: 3875 | H9: 126239558
A10: BA-HR | B10: HR | C10: HU | D10: 2030 | E10: All | F10: 5350 | G10: 5350 | H10: 90578595
A11: BG-GR | B11: HR | C11: SI | D11: 2030 | E11: All | F11: 667 | G11: 1375 | H11: 36041078
A12: BG-RO | B12: CZ | C12: PL | D12: 2030 | E12: All | F12: 1250 | G12: 1250 | H12: 87302599
A13: HR-HU | B13: CZ | C13: SK | D13: 2030 | E13: All | F13: 6500 | G13: 500 | H13: 91177200
A14: HR-SI | B14: DK | C14: DE | D14: 2030 | E14: All | F14: 7900 | G14: 7900 | H14: 155205940
A15: HR-RS | B15: EE | C15: FI | D15: 2030 | E15: All | F15: 4167 | G15: 0 | H15: 16719876
A16: CZ-DE | B16: FI | C16: SE | D16: 2030 | E16: All | F16: 10167 | G16: 10167 | H16: 196510435
A17: CZ-PL | B17: FR | C17: CH | D17: 2030 | E17: All | F17: 4167 | G17: 4167 | H17: 119078141
A18: CZ-SK | B18: FR | C18: DE | D18: 2030 | E18: All | F18: 1625 | G18: 2125 | H18: 244926033
A19: DK-DE | B19: DE | C19: CH | D19: 2030 | E19: All | F19: 7000 | G19: 7000 | H19: 256894615
... A40: BE-FR | B40: LV | C40: EE | D40: 2040 | E40: All | F40: 1115 | G40: 0 | H40: 484189493

Sheet BALMOREL_XTRANS_POT
A1: From | B1: To | C1: Parameter | D1: Unit | E1: Value
A2: =LEFT('1. Elec Ref Grid'!A2,FIND("-",'1. Elec Ref Grid'!A2)-1) -> AL00 | B2: =RIGHT('1. Elec Ref Grid'!A2,LEN('1. Elec Ref Grid'!A2)-FIND("-",'1. Elec Ref Grid'!A2)) -> GR00 | C2: Reference | D2: GW | E2: ='1. Elec Ref Grid'!B2 -> 600
A3: =LEFT('1. Elec Ref Grid'!A3,FIND("-",'1. Elec Ref Grid'!A3)-1) -> AL00 | B3: =RIGHT('1. Elec Ref Grid'!A3,LEN('1. Elec Ref Grid'!A3)-FIND("-",'1. Elec Ref Grid'!A3)) -> ME00 | C3: Reference | D3: GW | E3: ='1. Elec Ref Grid'!B3 -> 400
A4: =LEFT('1. Elec Ref Grid'!A4,FIND("-",'1. Elec Ref Grid'!A4)-1) -> AL00 | B4: =RIGHT('1. Elec Ref Grid'!A4,LEN('1. Elec Ref Grid'!A4)-FIND("-",'1. Elec Ref Grid'!A4)) -> MK00 | C4: Reference | D4: GW | E4: ='1. Elec Ref Grid'!B4 -> 500
A5: =LEFT('1. Elec Ref Grid'!A5,FIND("-",'1. Elec Ref Grid'!A5)-1) -> AL00 | B5: =RIGHT('1. Elec Ref Grid'!A5,LEN('1. Elec Ref Grid'!A5)-FIND("-",'1. Elec Ref Grid'!A5)) -> RS00 | C5: Reference | D5: GW | E5: ='1. Elec Ref Grid'!B5 -> 250
A6: =LEFT('1. Elec Ref Grid'!A6,FIND("-",'1. Elec Ref Grid'!A6)-1) -> AT00 | B6: =RIGHT('1. Elec Ref Grid'!A6,LEN('1. Elec Ref Grid'!A6)-FIND("-",'1. Elec Ref Grid'!A6)) -> CH00 | C6: Reference | D6: GW | E6: ='1. Elec Ref Grid'!B6 -> 1200
A7: =LEFT('1. Elec Ref Grid'!A7,FIND("-",'1. Elec Ref Grid'!A7)-1) -> AT00 | B7: =RIGHT('1. Elec Ref Grid'!A7,LEN('1. Elec Ref Grid'!A7)-FIND("-",'1. Elec Ref Grid'!A7)) -> CZ00 | C7: Reference | D7: GW | E7: ='1. Elec Ref Grid'!B7 -> 900
A8: =LEFT('1. Elec Ref Grid'!A8,FIND("-",'1. Elec Ref Grid'!A8)-1) -> AT00 | B8: =RIGHT('1. Elec Ref Grid'!A8,LEN('1. Elec Ref Grid'!A8)-FIND("-",'1. Elec Ref Grid'!A8)) -> DE00 | C8: Reference | D8: GW | E8: ='1. Elec Ref Grid'!B8 -> 7500
A9: =LEFT('1. Elec Ref Grid'!A9,FIND("-",'1. Elec Ref Grid'!A9)-1) -> AT00 | B9: =RIGHT('1. Elec Ref Grid'!A9,LEN('1. Elec Ref Grid'!A9)-FIND("-",'1. Elec Ref Grid'!A9)) -> HU00 | C9: Reference | D9: GW | E9: ='1. Elec Ref Grid'!B9 -> 800
A10: =LEFT('1. Elec Ref Grid'!A10,FIND("-",'1. Elec Ref Grid'!A10)-1) -> AT00 | B10: =RIGHT('1. Elec Ref Grid'!A10,LEN('1. Elec Ref Grid'!A10)-FIND("-",'1. Elec Ref Grid'!A10)) -> ITN1 | C10: Reference | D10: GW | E10: ='1. Elec Ref Grid'!B10 -> 875
A11: =LEFT('1. Elec Ref Grid'!A11,FIND("-",'1. Elec Ref Grid'!A11)-1) -> AT00 | B11: =RIGHT('1. Elec Ref Grid'!A11,LEN('1. Elec Ref Grid'!A11)-FIND("-",'1. Elec Ref Grid'!A11)) -> SI00 | C11: Reference | D11: GW | E11: ='1. Elec Ref Grid'!B11 -> 950
A12: =LEFT('1. Elec Ref Grid'!A12,FIND("-",'1. Elec Ref Grid'!A12)-1) -> AT00 | B12: =RIGHT('1. Elec Ref Grid'!A12,LEN('1. Elec Ref Grid'!A12)-FIND("-",'1. Elec Ref Grid'!A12)) -> SK00 | C12: Reference | D12: GW | E12: ='1. Elec Ref Grid'!B12 -> 0
A13: =LEFT('1. Elec Ref Grid'!A13,FIND("-",'1. Elec Ref Grid'!A13)-1) -> BA00 | B13: =RIGHT('1. Elec Ref Grid'!A13,LEN('1. Elec Ref Grid'!A13)-FIND("-",'1. Elec Ref Grid'!A13)) -> HR00 | C13: Reference | D13: GW | E13: ='1. Elec Ref Grid'!B13 -> 900
... A143: =LEFT('1. Elec Ref Grid'!A143,FIND("-",'1. Elec Ref Grid'!A143)-1) -> MD00 | B143: =RIGHT('1. Elec Ref Grid'!A143,LEN('1. Elec Ref Grid'!A143)-FIND("-",'1. Elec Ref Grid'!A143)) -> UA00 | C143: Reference | D143: GW | E143: ='1. Elec Ref Grid'!B143 -> 600
A144: =RIGHT('1. Elec Ref Grid'!A2,LEN('1. Elec Ref Grid'!A2)-FIND("-",'1. Elec Ref Grid'!A2)) -> GR00 | B144: =LEFT('1. Elec Ref Grid'!A2,FIND("-",'1. Elec Ref Grid'!A2)-1) -> AL00 | C144: Reference | D144: GW | E144: ='1. Elec Ref Grid'!B3 -> 400
A145: =RIGHT('1. Elec Ref Grid'!A3,LEN('1. Elec Ref Grid'!A3)-FIND("-",'1. Elec Ref Grid'!A3)) -> ME00 | B145: =LEFT('1. Elec Ref Grid'!A3,FIND("-",'1. Elec Ref Grid'!A3)-1) -> AL00 | C145: Reference | D145: GW | E145: ='1. Elec Ref Grid'!B4 -> 500
A146: =RIGHT('1. Elec Ref Grid'!A4,LEN('1. Elec Ref Grid'!A4)-FIND("-",'1. Elec Ref Grid'!A4)) -> MK00 | B146: =LEFT('1. Elec Ref Grid'!A4,FIND("-",'1. Elec Ref Grid'!A4)-1) -> AL00 | C146: Reference | D146: GW | E146: ='1. Elec Ref Grid'!B5 -> 250
A147: =RIGHT('1. Elec Ref Grid'!A5,LEN('1. Elec Ref Grid'!A5)-FIND("-",'1. Elec Ref Grid'!A5)) -> RS00 | B147: =LEFT('1. Elec Ref Grid'!A5,FIND("-",'1. Elec Ref Grid'!A5)-1) -> AL00 | C147: Reference | D147: GW | E147: ='1. Elec Ref Grid'!B6 -> 1200
A148: =RIGHT('1. Elec Ref Grid'!A6,LEN('1. Elec Ref Grid'!A6)-FIND("-",'1. Elec Ref Grid'!A6)) -> CH00 | B148: =LEFT('1. Elec Ref Grid'!A6,FIND("-",'1. Elec Ref Grid'!A6)-1) -> AT00 | C148: Reference | D148: GW | E148: ='1. Elec Ref Grid'!B7 -> 900
A149: =RIGHT('1. Elec Ref Grid'!A7,LEN('1. Elec Ref Grid'!A7)-FIND("-",'1. Elec Ref Grid'!A7)) -> CZ00 | B149: =LEFT('1. Elec Ref Grid'!A7,FIND("-",'1. Elec Ref Grid'!A7)-1) -> AT00 | C149: Reference | D149: GW | E149: ='1. Elec Ref Grid'!B8 -> 7500
A150: =RIGHT('1. Elec Ref Grid'!A8,LEN('1. Elec Ref Grid'!A8)-FIND("-",'1. Elec Ref Grid'!A8)) -> DE00 | B150: =LEFT('1. Elec Ref Grid'!A8,FIND("-",'1. Elec Ref Grid'!A8)-1) -> AT00 | C150: Reference | D150: GW | E150: ='1. Elec Ref Grid'!B9 -> 800
A151: =RIGHT('1. Elec Ref Grid'!A9,LEN('1. Elec Ref Grid'!A9)-FIND("-",'1. Elec Ref Grid'!A9)) -> HU00 | B151: =LEFT('1. Elec Ref Grid'!A9,FIND("-",'1. Elec Ref Grid'!A9)-1) -> AT00 | C151: Reference | D151: GW | E151: ='1. Elec Ref Grid'!B10 -> 875
A152: =RIGHT('1. Elec Ref Grid'!A10,LEN('1. Elec Ref Grid'!A10)-FIND("-",'1. Elec Ref Grid'!A10)) -> ITN1 | B152: =LEFT('1. Elec Ref Grid'!A10,FIND("-",'1. Elec Ref Grid'!A10)-1) -> AT00 | C152: Reference | D152: GW | E152: ='1. Elec Ref Grid'!B11 -> 950
A153: =RIGHT('1. Elec Ref Grid'!A11,LEN('1. Elec Ref Grid'!A11)-FIND("-",'1. Elec Ref Grid'!A11)) -> SI00 | B153: =LEFT('1. Elec Ref Grid'!A11,FIND("-",'1. Elec Ref Grid'!A11)-1) -> AT00 | C153: Reference | D153: GW | E153: ='1. Elec Ref Grid'!B12 -> 0
A154: =RIGHT('1. Elec Ref Grid'!A12,LEN('1. Elec Ref Grid'!A12)-FIND("-",'1. Elec Ref Grid'!A12)) -> SK00 | B154: =LEFT('1. Elec Ref Grid'!A12,FIND("-",'1. Elec Ref Grid'!A12)-1) -> AT00 | C154: Reference | D154: GW | E154: ='1. Elec Ref Grid'!B13 -> 900
A155: =RIGHT('1. Elec Ref Grid'!A13,LEN('1. Elec Ref Grid'!A13)-FIND("-",'1. Elec Ref Grid'!A13)) -> HR00 | B155: =LEFT('1. Elec Ref Grid'!A13,FIND("-",'1. Elec Ref Grid'!A13)-1) -> BA00 | C155: Reference | D155: GW | E155: ='1. Elec Ref Grid'!B14 -> 500
... A285: =RIGHT('1. Elec Ref Grid'!A143,LEN('1. Elec Ref Grid'!A143)-FIND("-",'1. Elec Ref Grid'!A143)) -> UA00 | B285: =LEFT('1. Elec Ref Grid'!A143,FIND("-",'1. Elec Ref Grid'!A143)-1) -> MD00 | C285: Reference | D285: GW | E285: ='1. Elec Ref Grid'!B144 -> 0
A286: AT00 | B286: ITN1 | C286: Candidates | D286: GW | E286: 500
A287: AT00 | B287: SI00 | C287: Candidates | D287: GW | E287: 500
A288: BE00 | B288: FR00 | C288: Candidates | D288: GW | E288: 1000
A289: BE00 | B289: NL00 | C289: Candidates | D289: GW | E289: 1000
A290: BE00 | B290: NL00 | C290: Candidates | D290: GW | E290: 1000
A291: BE00 | B291: UK00 | C291: Candidates | D291: GW | E291: 1400
A292: CH00 | B292: DE00 | C292: Candidates | D292: GW | E292: 200
A293: CH00 | B293: DE00 | C293: Candidates | D293: GW | E293: 100
A294: CH00 | B294: ITN1 | C294: Candidates | D294: GW | E294: 1000
A295: DE00 | B295: NL00 | C295: Candidates | D295: GW | E295: 1000
A296: DKW1 | B296: UK00 | C296: Candidates | D296: GW | E296: 1400
A297: ES00 | B297: FR00 | C297: Candidates | D297: GW | E297: 1500
... A485: ITCS | B485: ITSA | C485: Candidates | D485: GW | E485: 1000
